sku,quantity,price
RC-ORAK-GIZ2202010,1,242.80
RC-ORAK-GIZ2111008,1,161.87
RC-ORAK-GIZ2111013,1,161.87
RC-ORAK-GIZ2112001,1,269.78
RC-ORAK-GIZ2112002,1,269.78
RC-ORAK-GIZ2203004,1,161.87
RC-ORAK-GIZ2111002,1,242.80
RC-ORAK-GIZ2204002,1,229.31
RC-ORAK-GIZ2202003,1,101.17
RC-ORAK-GIZ2206005,1,242.80
RC-ORAK-GIZ2206004,1,242.80
RC-ORAK-GIZ2201001,1,148.38
RC-ORAK-GIZ2209002,1,222.57
RC-ORAK-GIZ2209004,1,107.91
RC-ORAK-GIZ2201002,1,175.36
RC-ORAK-GIZ2209010,1,242.80
RC-ORAK-GIZ2210001,1,148.38
RC-ORAK-GIZ2210006,1,148.38
RC-ORAK-GIZ2208007,1,107.91
RC-ORAK-GIZ2208001,1,175.36
RC-ORAK-GIZ2203005,1,188.85
RC-ORAK-GIZ2210004,1,242.80
RC-ORAK-GIZ2210010,1,148.38
RC-ORAK-GIZ2211009,1,215.82
RC-ORAK-GIZ2111016,1,188.85
RC-ORAK-GIZ2212009,1,222.57
RC-ORAK-GIZ2210003,1,242.80
RC-ORAK-GIZ2202005,1,222.57
RC-ORAK-GIZ2212014,1,161.87
RC-ORAK-GIZ2210012,1,215.82
RC-ORAK-GIZ2210013,1,202.33
RC-ORAK-GIZ2211005,1,107.91
RC-ORAK-GIZ2301004,1,242.80
RC-ORAK-GIZ2301006,1,242.80
RC-ORAK-GIZ2211004,1,107.91
RC-ORAK-GIZ2302005,1,236.06
RC-ORAK-GIZ2301008,1,175.36
RC-ORAK-GIZ2208011,1,107.91
RC-ORAK-GIZ2302006,1,215.82
RC-ORAK-GIZ2212008,1,107.91
RC-ORAK-GIZ2206001,1,242.80
RC-ORAK-GIZ2302003,1,215.82
RC-ORAK-GIZ2303002,1,242.80
RC-ORAK-GIZ2302009,1,296.76
RC-ORAK-GIZ2303005,1,107.91
RC-ORAK-GIZ2304006,1,215.82
RC-ORAK-GIZ2303007,1,215.82
RC-ORAK-GIZ2304005,1,215.82
RC-ORAK-GIZ2304002,1,148.38
RC-ORAK-GIZ2304001,1,202.33
RC-ORAK-GIZ2303001,1,222.57
RC-ORAK-GIZ2305010,1,242.80
RC-ORAK-GIZ2304003,1,148.38
RC-ORAK-GIZ2306003,1,229.31
RC-ORAK-GIZ2301011,1,188.85
RC-ORAK-GIZ2208004,1,202.33
RC-ORAK-GIZ2306005,1,148.38
RC-ORAK-GIZ2301007,1,148.38
RC-ORAK-GIZ2307004,1,148.38
RC-ORAK-GIZ2307005,1,215.82
RC-ORAK-GIZ2305006,1,107.91
RC-ORAK-GIZ2305007,1,107.91
RC-ORAK-GIZ2305008,1,107.91
RC-ORAK-GIZ2306001,1,188.85
RC-ORAK-GIZ2305011,1,148.38
RC-ORAK-GIZ2307016,1,148.38
RC-ORAK-GIZ2307018,1,256.29
RC-ORAK-GIZ2307019,1,256.29
RC-ORAK-GIZ2307009,1,256.29
RC-ORAK-GIZ2307010,1,256.29
RC-ORAK-GIZ2307011,1,242.80
RC-ORAK-GIZ2306009,1,148.38
RC-ORAK-GIZ2307002,1,215.82
RC-ORAK-GIZ2309007,1,242.80
RC-ORAK-GIZ2308004,1,148.38
RC-ORAK-GIZ2310003,1,269.78
RC-ORAK-GIZ2306004,1,222.57
RC-ORAK-GIZ2307020,1,188.85
RC-ORAK-GIZ2309010,1,161.87
RC-ORAK-GIZ2303004,1,161.87
RC-ORAK-GIZ2310001,1,188.85
RC-ORAK-GIZ2310005,1,161.87
RC-ORAK-GIZ2310007,1,188.85
RC-ORAK-GIZ2309001,1,188.85
RC-ORAK-GIZ2305009,1,242.80
RC-ORAK-GIZ2311005,1,242.80
RC-ORAK-GIZ2311011,1,256.29
RC-ORAK-GIZ2311012,1,256.29
RC-ORAK-GIZ2311014,1,256.29
RC-ORAK-GIZ2205007,1,121.40
RC-ORAK-GIZ2309008,1,80.93
RC-ORAK-GIZ2310004,1,148.38
RC-ORAK-GIZ2310006,1,148.38
RC-ORAK-GIZ2311001,1,222.57
RC-ORAK-GIZ2311002,1,222.57
RC-ORAK-GIZ2311004,1,222.57
RC-ORAK-GIZ2111004,1,242.80
RC-ORAK-GIZ2312002,1,161.87
RC-ORAK-GIZ2312008,1,188.85
RC-ORAK-GIZ2401005,1,236.06
RC-ORAK-GIZ2205004,1,202.33
RC-ORAK-GIZ2401001,1,188.85
RC-ORAK-GIZ2401002,1,188.85
RC-ORAK-GIZ2401003,1,188.85
RC-ORAK-GIZ2311007,1,215.82
RC-ORAK-GIZ2311008,1,215.82
RC-ORAK-GIZ2311013,1,188.85
RC-ORAK-GIZ2312001,1,215.82
RC-ORAK-GIZ2312009,1,296.76
RC-ORAK-2312005-01,1,236.06
RC-ORAK-GIZ2312006,1,202.33
RC-ORAK-GIZ2301009,1,182.10
RC-ORAK-GIZ2111005,1,161.87
RC-ORAK-GIZ2204005,1,161.87
RC-ORAK-GIZ2206006,1,242.80
RC-ORAK-GIZ2301002,1,242.80
RC-ORAK-GIZ2210002,1,242.80
RC-ORAK-240109-01,1,242.80
RC-ORAK-240201-01,1,175.36
RC-ORAK-240201-02,1,175.36
RC-ORAK-240213-01,1,188.85
RC-ORAK-240202-01,1,161.87
RC-ORAK-240204-01,1,148.38
RC-ORAK-240208-01,1,188.85
RC-ORAK-240304-02,1,188.85
RC-ORAK-240304-03,1,188.85
RC-ORAK-240305-01,1,161.87
RC-ORAK-240211-06,1,161.87
RC-ORAK-240211-01,1,188.85
RC-ORAK-GIZ2306006,1,121.40
RC-ORAK-GIZ2401007,1,134.89
RC-ORAK-240211-02,1,188.85
RC-ORAK-240310-01,1,121.40
RC-ORAK-240401-01,1,175.36
RC-ORAK-240505-01,1,242.80
RC-ORAK-240314-01,1,188.85
RC-ORAK-240801-01,1,161.87
RC-ORAK-240708-01,1,188.85
RC-ORAK-250307-02,1,188.85
RC-ORAK-241109-03,1,188.85
RC-ORAK-241105-02,1,188.85
RC-ORAK-250201-04,1,188.85
RC-ORAK-250307-01,1,188.85
RC-ORAK-250201-02,1,188.85
RC-ORAK-250302-01,1,168.61
RC-ORAK-250302-02,1,202.33
RC-ORAK-241109-07,1,188.85
RC-ORAK-250203-01,1,141.63
RC-ORAK-250201-03,1,141.63
RC-ORAK-240604-01,1,269.78
RC-ORAK-240309-02,1,202.33
RC-ORAK-240501-01,1,188.85
RC-ORAK-240502-01,1,215.82
RC-ORAK-240502-02,1,215.82
RC-ORAK-240503-01,1,215.82
RC-ORAK-240803-02,1,173.43
RC-ORAK-240803-01,1,134.89
RC-ORAK-240803-03,1,242.80
RC-ORAK-240506-01,1,188.85
RC-ORAK-240701-08,1,161.87
RC-ORAK-240701-01,1,161.87
RC-ORAK-240404-01,1,215.82
RC-ORAK-240707-01,1,242.80
RC-ORAK-240603-01,1,242.80
RC-ORAK-241101-01,1,77.08
RC-ORAK-241101-02,1,173.43
RC-ORAK-240606-01,1,242.80
RC-ORAK-240901-01,1,215.82
RC-ORAK-240902-02,1,188.85
RC-ORAK-240702-01,1,188.85
RC-ORAK-240802-01,1,161.87
RC-ORAK-240804-02,1,188.85
RC-ORAK-240802-02,1,175.36
RC-ORAK-240203-01,1,215.82
RC-ORAK-240701-03,1,188.85
RC-ORAK-240603-02,1,242.80
RC-ORAK-GIZ2311010,1,242.80
RC-ORAK-240908-01,1,269.78
RC-ORAK-240908-02,1,269.78
RC-ORAK-240911-01,1,242.80
RC-ORAK-241001-02,1,161.87
RC-ORAK-241103-01,1,192.70
RC-ORAK-241104-01,1,188.85
RC-ORAK-241104-02,1,188.85
RC-ORAK-241105-01,1,148.38
RC-ORAK-SAPE-2,1,154.16
RC-ORAK-SAPE-3,1,154.16
RC-ORAK-240307-01,1,148.38
RC-ORAK-240902-03,1,161.87
RC-ORAK-241001-01,1,161.87
RC-ORAK-241109-01,1,188.85
RC-ORAK-241109-02,1,148.38
RC-ORAK-241204-01,1,188.85
RC-ORAK-241204-02,1,215.82
RC-ORAK-4700-elegance,1,86.71
RC-ORAK-3580-City-Square-029,1,86.71
RC-ORAK-250204-01,1,242.80
RC-ORAK-250304-01,1,148.38
RC-ORAK-240705-01,1,161.87
RC-ORAK-241107-01,1,161.87
RC-ORAK-250201-01,1,188.85
RC-ORAK-241109-05,1,161.87
RC-ORAK-241202-02,1,188.85
RC-ORAK-241202-05,1,188.85
RC-ORAK-241202-07,1,188.85
RC-ORAK-250101-01,1,161.87
RC-ORAK-250111-02,1,242.80
RC-ORAK-250111-03,1,242.80
RC-ORAK-250202-02,1,242.80
RC-ORAK-250306-01,1,175.36
RC-ORAK-2312005-2,1,207.15
RC-ORAK-250501-01,1,242.80
RC-ORAK-250404-02,1,242.80
RC-ORAK-250401-01,1,215.82
RC-ORAK-250401-02,1,215.82
RC-ORAK-250305-01,1,202.33
RC-ORAK-250604-01,1,215.82
RC-ORAK-250402-02,1,250.51
RC-ORAK-250402-03,1,215.82
RC-ORAK-250605-01,1,188.85
RC-ORAK-250402-01,1,236.06
RC-ORAK-250402-04,1,252.44
RC-ORAK-250702-01,1,188.85
RC-ORAK-250702-02,1,188.85
RC-ORAK-250702-03,1,188.85
RC-ORAK-250707-01,1,242.80
RC-ORAK-250603-01,1,175.36
RC-ORAK-250706-01,1,188.85
RC-ORAK-250802-01,1,242.80
RC-ORAK-250805-01,1,269.78
RC-ORAK-250806-01,1,188.85
RC-ORAK-250902-01,1,188.85
RC-ORAK-250904-01,1,215.82
RC-ORAK-251003-01,1,242.80
RC-ORAK-241203-01,1,215.82
RC-ORAK-251101-01,1,161.87
RC-ORAK-250304-02,1,242.80
RC-ORAK-250502-01,1,215.82
RC-ORAK-250502-02,1,188.85
RC-ORAK-251005-01,1,242.80
RC-ORAK-251202-01,1,242.80
RC-ORAK-251204-01,1,188.85
RC-ORAK-250301-01,1,198.48
RC-ORAK-260104-01,1,242.80
RC-SERVICE-MONTERING,1,45.00
RC-SERVICE-RENGORING,1,30.00
Milliken-54682,1,302.41
Milliken-54683,1,302.41
Milliken-54678,1,302.41
Milliken-54679,1,302.41
Milliken-54680,1,302.41
Milliken-54681,1,302.41
Milliken-55061,1,302.41
Milliken-54684,1,302.41
Milliken-54685,1,302.41
Milliken-54688,1,302.41
Milliken-54686,1,302.41
Milliken-54687,1,302.41
Milliken-54689,1,302.41
Milliken-54690,1,302.41
Milliken-53760,1,302.41
Milliken-53761,1,302.41
Milliken-53762,1,302.41
Milliken-53763,1,302.41
Milliken-53764,1,302.41
Milliken-53765,1,302.41
Milliken-53766,1,302.41
Milliken-53767,1,302.41
Milliken-53710,1,302.41
Milliken-53711,1,302.41
Milliken-53712,1,302.41
Milliken-53713,1,302.41
Milliken-53714,1,302.41
Milliken-53715,1,302.41
Milliken-53716,1,302.41
Milliken-53759,1,302.41
Milliken-53719,1,302.41
Milliken-53720,1,302.41
Milliken-53721,1,302.41
Milliken-53722,1,302.41
Milliken-53717,1,302.41
Milliken-53718,1,302.41
Milliken-53723,1,302.41
Milliken-53724,1,302.41
Milliken-53725,1,302.41
Milliken-53726,1,302.41
Milliken-53731,1,302.41
Milliken-53732,1,302.41
Milliken-53727,1,302.41
Milliken-53728,1,302.41
Milliken-53729,1,302.41
Milliken-53730,1,302.41
Milliken-19503,1,221.76
Milliken-19511,1,221.76
Milliken-19520,1,221.76
Milliken-19514,1,221.76
Milliken-19517,1,221.76
Milliken-19486,1,221.76
Milliken-19489,1,221.76
Milliken-19490,1,221.76
Milliken-19494,1,221.76
Milliken-19496,1,221.76
Milliken-19499,1,221.76
Milliken-19526,1,221.76
Milliken-19530,1,221.76
Milliken-19532,1,221.76
Milliken-19535,1,221.76
Milliken-19538,1,221.76
Milliken-19541,1,221.76
Milliken-19523,1,221.76
Milliken-19552,1,221.76
Milliken-19555,1,221.76
Milliken-19558,1,221.76
Milliken-19561,1,221.76
Milliken-19586,1,221.76
Milliken-19588,1,221.76
Milliken-19592,1,221.76
Milliken-19595,1,221.76
Milliken-19598,1,221.76
Milliken-19601,1,221.76
Milliken-19564,1,221.76
Milliken-19569,1,221.76
Milliken-19572,1,221.76
Milliken-19576,1,221.76
Milliken-19579,1,221.76
Milliken-19583,1,221.76
Milliken-19545,1,221.76
Milliken-19548,1,221.76
Milliken-27028,1,221.76
Milliken-27029,1,221.76
Milliken-27030,1,221.76
Milliken-27032,1,221.76
Milliken-27031,1,221.76
Milliken-43457,1,221.76
Milliken-43458,1,221.76
Milliken-43459,1,221.76
Milliken-43460,1,221.76
Milliken-27015,1,221.76
Milliken-27013,1,221.76
Milliken-27016,1,221.76
Milliken-27014,1,221.76
Milliken-43461,1,221.76
Milliken-27008,1,221.76
Milliken-43462,1,221.76
Milliken-43463,1,221.76
Milliken-27017,1,221.76
Milliken-45420,1,221.76
Milliken-27009,1,221.76
Milliken-43464,1,221.76
Milliken-43468,1,221.76
Milliken-43469,1,221.76
Milliken-27026,1,221.76
Milliken-27125,1,221.76
Milliken-27027,1,221.76
Milliken-27019,1,221.76
Milliken-27018,1,221.76
Milliken-27024,1,221.76
Milliken-27025,1,221.76
Milliken-43465,1,221.76
Milliken-43466,1,221.76
Milliken-43467,1,221.76
Milliken-43479,1,221.76
Milliken-43480,1,221.76
Milliken-27010,1,221.76
Milliken-27020,1,221.76
Milliken-43481,1,221.76
Milliken-27011,1,221.76
Milliken-27021,1,221.76
Milliken-27022,1,221.76
Milliken-27023,1,221.76
Milliken-27004,1,221.76
Milliken-27005,1,221.76
Milliken-27006,1,221.76
Milliken-29267,1,221.76
Milliken-26871,1,221.76
Milliken-26872,1,221.76
Milliken-26884,1,221.76
Milliken-26879,1,221.76
Milliken-43473,1,221.76
Milliken-26887,1,221.76
Milliken-26875,1,221.76
Milliken-43474,1,221.76
Milliken-26883,1,221.76
Milliken-26873,1,221.76
Milliken-43475,1,221.76
Milliken-43476,1,221.76
Milliken-26874,1,221.76
Milliken-43477,1,221.76
Milliken-26885,1,221.76
Milliken-26878,1,221.76
Milliken-43478,1,221.76
Milliken-27091,1,221.76
Milliken-27124,1,221.76
Milliken-26886,1,221.76
Milliken-26876,1,221.76
Milliken-26880,1,221.76
Milliken-43470,1,221.76
Milliken-43471,1,221.76
Milliken-43472,1,221.76
Milliken-26881,1,221.76
Milliken-26877,1,221.76
Milliken-27098,1,221.76
Milliken-26890,1,221.76
Milliken-43379,1,221.76
Milliken-43380,1,221.76
Milliken-43381,1,221.76
Milliken-43382,1,221.76
Milliken-43383,1,221.76
Milliken-43399,1,221.76
Milliken-43400,1,221.76
Milliken-43401,1,221.76
Milliken-43402,1,221.76
Milliken-43384,1,221.76
Milliken-43391,1,221.76
Milliken-43392,1,221.76
Milliken-43397,1,221.76
Milliken-43393,1,221.76
Milliken-43398,1,221.76
Milliken-43394,1,221.76
Milliken-43395,1,221.76
Milliken-43396,1,221.76
Milliken-43385,1,221.76
Milliken-43386,1,221.76
Milliken-43387,1,221.76
Milliken-43388,1,221.76
Milliken-43389,1,221.76
Milliken-43390,1,221.76
Milliken-43486,1,302.41
Milliken-43413,1,221.76
Milliken-43414,1,221.76
Milliken-43403,1,221.76
Milliken-43404,1,221.76
Milliken-43405,1,221.76
Milliken-43406,1,221.76
Milliken-43407,1,221.76
Milliken-43408,1,221.76
Milliken-43421,1,221.76
Milliken-43422,1,221.76
Milliken-43423,1,221.76
Milliken-43424,1,221.76
Milliken-43425,1,221.76
Milliken-43426,1,221.76
Milliken-43415,1,221.76
Milliken-43416,1,221.76
Milliken-43417,1,221.76
Milliken-43418,1,221.76
Milliken-43419,1,221.76
Milliken-43420,1,221.76
Milliken-43409,1,221.76
Milliken-43410,1,221.76
Milliken-43411,1,221.76
Milliken-43412,1,221.76
Milliken-25798,1,221.76
Milliken-25799,1,221.76
Milliken-25800,1,221.76
Milliken-25795,1,221.76
Milliken-25802,1,221.76
Milliken-25801,1,221.76
Milliken-25803,1,221.76
Milliken-25797,1,221.76
Milliken-25796,1,221.76
Milliken-26359,1,221.76
Milliken-26357,1,221.76
Milliken-39871,1,221.76
Milliken-26360,1,221.76
Milliken-39872,1,221.76
Milliken-39875,1,221.76
Milliken-39873,1,221.76
Milliken-39874,1,221.76
Milliken-39876,1,221.76
Milliken-39877,1,221.76
Milliken-39869,1,221.76
Milliken-26358,1,221.76
Milliken-26361,1,221.76
Milliken-39870,1,221.76
Milliken-9549,1,221.76
Milliken-9560,1,221.76
Milliken-9551,1,221.76
Milliken-9591,1,221.76
Milliken-9547,1,221.76
Milliken-9555,1,221.76
Milliken-9595,1,221.76
Milliken-9561,1,221.76
Milliken-9569,1,221.76
Milliken-9557,1,221.76
Milliken-9600,1,221.76
Milliken-9563,1,221.76
Milliken-9573,1,221.76
Milliken-9577,1,221.76
Milliken-9566,1,221.76
Milliken-9575,1,221.76
Milliken-9581,1,221.76
Milliken-9583,1,221.76
Milliken-9586,1,221.76
Milliken-9589,1,221.76
Milliken-25788,1,221.76
Milliken-25794,1,221.76
Milliken-25787,1,221.76
Milliken-25792,1,221.76
Milliken-25790,1,221.76
Milliken-25789,1,221.76
Milliken-25791,1,221.76
Milliken-25793,1,221.76
Milliken-25786,1,221.76
Milliken-26367,1,221.76
Milliken-27139,1,221.76
Milliken-26366,1,221.76
Milliken-25783,1,221.76
Milliken-25784,1,221.76
Milliken-25785,1,221.76
Milliken-26362,1,221.76
Milliken-26363,1,221.76
Milliken-26364,1,221.76
Milliken-26365,1,221.76
Milliken-25848,1,221.76
Milliken-26369,1,221.76
Milliken-26368,1,221.76
Milliken-26370,1,221.76
Milliken-39886,1,221.76
Milliken-39880,1,221.76
Milliken-39881,1,221.76
Milliken-39882,1,221.76
Milliken-39883,1,221.76
Milliken-39884,1,221.76
Milliken-39885,1,221.76
Milliken-39878,1,221.76
Milliken-39879,1,221.76
Milliken-25809,1,221.76
Milliken-25807,1,221.76
Milliken-25811,1,221.76
Milliken-25804,1,221.76
Milliken-25812,1,221.76
Milliken-25805,1,221.76
Milliken-25806,1,221.76
Milliken-25808,1,221.76
Milliken-25810,1,221.76
Milliken-26385,1,221.76
Milliken-27135,1,221.76
Milliken-25850,1,221.76
Milliken-25851,1,221.76
Milliken-26372,1,221.76
Milliken-26384,1,221.76
Milliken-26373,1,221.76
Milliken-26383,1,221.76
Milliken-25813,1,221.76
Milliken-25814,1,221.76
Milliken-26377,1,221.76
Milliken-26374,1,221.76
Milliken-25849,1,221.76
Milliken-27134,1,221.76
Milliken-26378,1,221.76
Milliken-26371,1,221.76
Milliken-27136,1,221.76
Milliken-26379,1,221.76
Milliken-39894,1,221.76
Milliken-39895,1,221.76
Milliken-39888,1,221.76
Milliken-39893,1,221.76
Milliken-39887,1,221.76
Milliken-39891,1,221.76
Milliken-39889,1,221.76
Milliken-39892,1,221.76
Milliken-39890,1,221.76
Milliken-49644,1,221.76
Milliken-49645,1,221.76
Milliken-56313,1,221.76
Milliken-56306,1,221.76
Milliken-56314,1,221.76
Milliken-56296,1,221.76
Milliken-56297,1,221.76
Milliken-56315,1,221.76
Milliken-56298,1,221.76
Milliken-56307,1,221.76
Milliken-56299,1,221.76
Milliken-56308,1,221.76
Milliken-56300,1,221.76
Milliken-56309,1,221.76
Milliken-56310,1,221.76
Milliken-56311,1,221.76
Milliken-56312,1,221.76
Milliken-56301,1,221.76
Milliken-56302,1,221.76
Milliken-56303,1,221.76
Milliken-56304,1,221.76
Milliken-49658,1,221.76
Milliken-56305,1,221.76
Milliken-49659,1,221.76
Milliken-49660,1,221.76
Milliken-49662,1,221.76
Milliken-49663,1,221.76
Milliken-49652,1,221.76
Milliken-49653,1,221.76
Milliken-49654,1,221.76
Milliken-49655,1,221.76
Milliken-49656,1,221.76
Milliken-49646,1,221.76
Milliken-49647,1,221.76
Milliken-49648,1,221.76
Milliken-49649,1,221.76
Milliken-49650,1,221.76
Milliken-49651,1,221.76
Milliken-49640,1,221.76
Milliken-49641,1,221.76
Milliken-49642,1,221.76
Milliken-49643,1,221.76
Milliken-56291,1,221.76
Milliken-56280,1,221.76
Milliken-56281,1,221.76
Milliken-56282,1,221.76
Milliken-56283,1,221.76
Milliken-49684,1,221.76
Milliken-56284,1,221.76
Milliken-49673,1,221.76
Milliken-56285,1,221.76
Milliken-49674,1,221.76
Milliken-49686,1,221.76
Milliken-49675,1,221.76
Milliken-49687,1,221.76
Milliken-49676,1,221.76
Milliken-56277,1,221.76
Milliken-49677,1,221.76
Milliken-56278,1,221.76
Milliken-49678,1,221.76
Milliken-56279,1,221.76
Milliken-49667,1,221.76
Milliken-49679,1,221.76
Milliken-49668,1,221.76
Milliken-49680,1,221.76
Milliken-49669,1,221.76
Milliken-49682,1,221.76
Milliken-49670,1,221.76
Milliken-49683,1,221.76
Milliken-49671,1,221.76
Milliken-49672,1,221.76
Milliken-49664,1,221.76
Milliken-49665,1,221.76
Milliken-49666,1,221.76
Milliken-56292,1,221.76
Milliken-56293,1,221.76
Milliken-56294,1,221.76
Milliken-56295,1,221.76
Milliken-56316,1,221.76
Milliken-56286,1,221.76
Milliken-56287,1,221.76
Milliken-56288,1,221.76
Milliken-56289,1,221.76
Milliken-56290,1,221.76
Milliken-19817,1,221.76
Milliken-19821,1,221.76
Milliken-19806,1,221.76
Milliken-19822,1,221.76
Milliken-19809,1,221.76
Milliken-19826,1,221.76
Milliken-19812,1,221.76
Milliken-19829,1,221.76
Milliken-19795,1,221.76
Milliken-19814,1,221.76
Milliken-19612,1,221.76
Milliken-19831,1,221.76
Milliken-19615,1,221.76
Milliken-19798,1,221.76
Milliken-19784,1,221.76
Milliken-19618,1,221.76
Milliken-19800,1,221.76
Milliken-19621,1,221.76
Milliken-19764,1,221.76
Milliken-19803,1,221.76
Milliken-19788,1,221.76
Milliken-19625,1,221.76
Milliken-19768,1,221.76
Milliken-19628,1,221.76
Milliken-19766,1,221.76
Milliken-19790,1,221.76
Milliken-39844,1,221.76
Milliken-19774,1,221.76
Milliken-39845,1,221.76
Milliken-19791,1,221.76
Milliken-19692,1,221.76
Milliken-39846,1,221.76
Milliken-39847,1,221.76
Milliken-19778,1,221.76
Milliken-39838,1,221.76
Milliken-19703,1,221.76
Milliken-39839,1,221.76
Milliken-19680,1,221.76
Milliken-19781,1,221.76
Milliken-39840,1,221.76
Milliken-39841,1,221.76
Milliken-19706,1,221.76
Milliken-19683,1,221.76
Milliken-39842,1,221.76
Milliken-19743,1,221.76
Milliken-19663,1,221.76
Milliken-39843,1,221.76
Milliken-19708,1,221.76
Milliken-19686,1,221.76
Milliken-19748,1,221.76
Milliken-19667,1,221.76
Milliken-19718,1,221.76
Milliken-19689,1,221.76
Milliken-19751,1,221.76
Milliken-19631,1,221.76
Milliken-19722,1,221.76
Milliken-19651,1,221.76
Milliken-19754,1,221.76
Milliken-19635,1,221.76
Milliken-19674,1,221.76
Milliken-19654,1,221.76
Milliken-19639,1,221.76
Milliken-19677,1,221.76
Milliken-19657,1,221.76
Milliken-19642,1,221.76
Milliken-19660,1,221.76
Milliken-19645,1,221.76
Milliken-19648,1,221.76
Milliken-19757,1,221.76
Milliken-19760,1,221.76
Milliken-19725,1,221.76
Milliken-19726,1,221.76
Milliken-19730,1,221.76
Milliken-19734,1,221.76
Milliken-19737,1,221.76
Milliken-19740,1,221.76
Milliken-39848,1,221.76
Milliken-39849,1,221.76
Milliken-39854,1,221.76
Milliken-39850,1,221.76
Milliken-39855,1,221.76
Milliken-39851,1,221.76
Milliken-39856,1,221.76
Milliken-39852,1,221.76
Milliken-39857,1,221.76
Milliken-39853,1,221.76
Milliken-39858,1,221.76
Milliken-39866,1,221.76
Milliken-39859,1,221.76
Milliken-39867,1,221.76
Milliken-39868,1,221.76
Milliken-39860,1,221.76
Milliken-39861,1,221.76
Milliken-39862,1,221.76
Milliken-39863,1,221.76
Milliken-39864,1,221.76
Milliken-39865,1,221.76
Milliken-39896,1,221.76
Milliken-39897,1,221.76
Milliken-39898,1,221.76
Milliken-39899,1,221.76
Milliken-39900,1,221.76
Milliken-39901,1,221.76
Milliken-39908,1,221.76
Milliken-39909,1,221.76
Milliken-39910,1,221.76
Milliken-39911,1,221.76
Milliken-39902,1,221.76
Milliken-39903,1,221.76
Milliken-39904,1,221.76
Milliken-39905,1,221.76
Milliken-39906,1,221.76
Milliken-39907,1,221.76
Milliken-39912,1,221.76
Milliken-39913,1,221.76
Milliken-39914,1,221.76
Milliken-39915,1,221.76
Milliken-39916,1,221.76
Milliken-39917,1,221.76
Milliken-39918,1,221.76
Milliken-39919,1,221.76
Milliken-39920,1,221.76
Milliken-39921,1,221.76
Milliken-39922,1,221.76
Milliken-39923,1,221.76
Milliken-39924,1,221.76
Milliken-39925,1,221.76
Milliken-50815,1,221.76
Milliken-50816,1,221.76
Milliken-50818,1,221.76
Milliken-50817,1,221.76
Milliken-50819,1,221.76
Milliken-50820,1,221.76
Milliken-50821,1,221.76
Milliken-50822,1,221.76
Milliken-50823,1,221.76
Milliken-50824,1,221.76
Milliken-50825,1,221.76
Milliken-50826,1,221.76
Milliken-50827,1,221.76
Milliken-50828,1,221.76
Milliken-50829,1,221.76
Milliken-50831,1,221.76
Milliken-50832,1,221.76
Milliken-50833,1,221.76
Milliken-50834,1,221.76
Milliken-50830,1,221.76
Milliken-50836,1,221.76
Milliken-50838,1,221.76
Milliken-50840,1,221.76
Milliken-26161,1,221.76
Milliken-26162,1,221.76
Milliken-26163,1,221.76
Milliken-26164,1,221.76
Milliken-26166,1,221.76
Milliken-26113,1,221.76
Milliken-26114,1,221.76
Milliken-26115,1,221.76
Milliken-26116,1,221.76
Milliken-26137,1,221.76
Milliken-26159,1,221.76
Milliken-42388,1,221.76
Milliken-42389,1,221.76
Milliken-26169,1,221.76
Milliken-27148,1,221.76
Milliken-27147,1,221.76
Milliken-26167,1,221.76
Milliken-26171,1,221.76
Milliken-27137,1,221.76
Milliken-26168,1,221.76
Milliken-26138,1,221.76
Milliken-26160,1,221.76
Milliken-26000,1,221.76
Milliken-26002,1,221.76
Milliken-25982,1,221.76
Milliken-25981,1,221.76
Milliken-25983,1,221.76
Milliken-25995,1,221.76
Milliken-25986,1,221.76
Milliken-25987,1,221.76
Milliken-26003,1,221.76
Milliken-25996,1,221.76
Milliken-26004,1,221.76
Milliken-25988,1,221.76
Milliken-25984,1,221.76
Milliken-26005,1,221.76
Milliken-25990,1,221.76
Milliken-26006,1,221.76
Milliken-25992,1,221.76
Milliken-26007,1,221.76
Milliken-42390,1,221.76
Milliken-26008,1,221.76
Milliken-42391,1,221.76
Milliken-26001,1,221.76
Milliken-25999,1,221.76
Milliken-51161,1,352.80
Milliken-51150,1,352.80
Milliken-51157,1,352.80
Milliken-51151,1,352.80
Milliken-51147,1,352.80
Milliken-51152,1,352.80
Milliken-51156,1,352.80
Milliken-51149,1,352.80
Milliken-51155,1,352.80
Milliken-51148,1,352.80
Milliken-51160,1,352.80
Milliken-51158,1,352.80
Milliken-51159,1,352.80
Milliken-51153,1,352.80
Milliken-51154,1,352.80
Milliken-43433,1,221.76
Milliken-43434,1,221.76
Milliken-43435,1,221.76
Milliken-43436,1,221.76
Milliken-43437,1,221.76
Milliken-43438,1,221.76
Milliken-43427,1,221.76
Milliken-43428,1,221.76
Milliken-43429,1,221.76
Milliken-43430,1,221.76
Milliken-43431,1,221.76
Milliken-43432,1,221.76
Milliken-34623,1,221.76
Milliken-34624,1,221.76
Milliken-34625,1,221.76
Milliken-34628,1,221.76
Milliken-34629,1,221.76
Milliken-34630,1,221.76
Milliken-43452,1,221.76
Milliken-43454,1,221.76
Milliken-43451,1,221.76
Milliken-43453,1,221.76
Milliken-43455,1,221.76
Milliken-43456,1,221.76
Milliken-43449,1,221.76
Milliken-43450,1,221.76
Milliken-43439,1,221.76
Milliken-43440,1,221.76
Milliken-43441,1,221.76
Milliken-43442,1,221.76
Milliken-43443,1,221.76
Milliken-43444,1,221.76
Milliken-34622,1,221.76
Milliken-34626,1,221.76
Milliken-34627,1,221.76
Milliken-34631,1,221.76
Milliken-34632,1,221.76
Milliken-34633,1,221.76
Milliken-43445,1,221.76
Milliken-43446,1,221.76
Milliken-43447,1,221.76
Milliken-43448,1,221.76
Milliken-26859,1,221.76
Milliken-26855,1,221.76
Milliken-26852,1,221.76
Milliken-26856,1,221.76
Milliken-26860,1,221.76
Milliken-26857,1,221.76
Milliken-26851,1,221.76
Milliken-26861,1,221.76
Milliken-26862,1,221.76
Milliken-26858,1,221.76
Milliken-26863,1,221.76
Milliken-26846,1,221.76
Milliken-26854,1,221.76
Milliken-26847,1,221.76
Milliken-26848,1,221.76
Milliken-26849,1,221.76
Milliken-26850,1,221.76
Milliken-26853,1,221.76
Milliken-25937,1,221.76
Milliken-25927,1,221.76
Milliken-25930,1,221.76
Milliken-25949,1,221.76
Milliken-25941,1,221.76
Milliken-25944,1,221.76
Milliken-25929,1,221.76
Milliken-25932,1,221.76
Milliken-25938,1,221.76
Milliken-25948,1,221.76
Milliken-25946,1,221.76
Milliken-25934,1,221.76
Milliken-25945,1,221.76
Milliken-25933,1,221.76
Milliken-25936,1,221.76
Milliken-25925,1,221.76
Milliken-25926,1,221.76
Milliken-25942,1,221.76
Milliken-25923,1,221.76
Milliken-25939,1,221.76
Milliken-26315,1,221.76
Milliken-25940,1,221.76
Milliken-25950,1,221.76
Milliken-25943,1,221.76
Milliken-25947,1,221.76
Milliken-25931,1,221.76
Milliken-26314,1,221.76
Milliken-25924,1,221.76
Milliken-25935,1,221.76
Milliken-25928,1,221.76
Milliken-51195,1,221.76
Milliken-51200,1,221.76
Milliken-51202,1,221.76
Milliken-51206,1,221.76
Milliken-51208,1,221.76
Milliken-51203,1,221.76
Milliken-51205,1,221.76
Milliken-51194,1,221.76
Milliken-51197,1,221.76
Milliken-51209,1,221.76
Milliken-51196,1,221.76
Milliken-51201,1,221.76
Milliken-51199,1,221.76
Milliken-51207,1,221.76
Milliken-51204,1,221.76
Milliken-51198,1,221.76
Milliken-51162,1,221.76
Milliken-51163,1,221.76
Milliken-51164,1,221.76
Milliken-51165,1,221.76
Milliken-51166,1,221.76
Milliken-51167,1,221.76
Milliken-51192,1,221.76
Milliken-51193,1,221.76
Milliken-51186,1,221.76
Milliken-51187,1,221.76
Milliken-51188,1,221.76
Milliken-51189,1,221.76
Milliken-51190,1,221.76
Milliken-51191,1,221.76
Milliken-51180,1,221.76
Milliken-51181,1,221.76
Milliken-51182,1,221.76
Milliken-51183,1,221.76
Milliken-51184,1,221.76
Milliken-51185,1,221.76
Milliken-51174,1,221.76
Milliken-51175,1,221.76
Milliken-51176,1,221.76
Milliken-51177,1,221.76
Milliken-51178,1,221.76
Milliken-51179,1,221.76
Milliken-51168,1,221.76
Milliken-51169,1,221.76
Milliken-51170,1,221.76
Milliken-51171,1,221.76
Milliken-51172,1,221.76
Milliken-51173,1,221.76
Milliken-51212,1,221.76
Milliken-51216,1,221.76
Milliken-51217,1,221.76
Milliken-51213,1,221.76
Milliken-51214,1,221.76
Milliken-51211,1,221.76
Milliken-51210,1,221.76
Milliken-51215,1,221.76
Milliken-51224,1,221.76
Milliken-51225,1,221.76
Milliken-51220,1,221.76
Milliken-51221,1,221.76
Milliken-51222,1,221.76
Milliken-51219,1,221.76
Milliken-51218,1,221.76
Milliken-51223,1,221.76
Milliken-51234,1,221.76
Milliken-51239,1,221.76
Milliken-51240,1,221.76
Milliken-51241,1,221.76
Milliken-51236,1,221.76
Milliken-51237,1,221.76
Milliken-51238,1,221.76
Milliken-51235,1,221.76
Milliken-51232,1,221.76
Milliken-51233,1,221.76
Milliken-51228,1,221.76
Milliken-51229,1,221.76
Milliken-51230,1,221.76
Milliken-51227,1,221.76
Milliken-51226,1,221.76
Milliken-51231,1,221.76
Milliken-38587,1,221.76
Milliken-38588,1,221.76
Milliken-38590,1,221.76
Milliken-38591,1,221.76
Milliken-38592,1,221.76
Milliken-38593,1,221.76
Milliken-50915,1,221.76
Milliken-50916,1,221.76
Milliken-50917,1,221.76
Milliken-50918,1,221.76
Milliken-50919,1,221.76
Milliken-50920,1,221.76
Milliken-50909,1,221.76
Milliken-50910,1,221.76
Milliken-50911,1,221.76
Milliken-50912,1,221.76
Milliken-50913,1,221.76
Milliken-50914,1,221.76
Milliken-38600,1,221.76
Milliken-50904,1,221.76
Milliken-50905,1,221.76
Milliken-50906,1,221.76
Milliken-50907,1,221.76
Milliken-50908,1,221.76
Milliken-38594,1,221.76
Milliken-38595,1,221.76
Milliken-38597,1,221.76
Milliken-50935,1,221.76
Milliken-38603,1,221.76
Milliken-38604,1,221.76
Milliken-38606,1,221.76
Milliken-38607,1,221.76
Milliken-38608,1,221.76
Milliken-50929,1,221.76
Milliken-50930,1,221.76
Milliken-50931,1,221.76
Milliken-50932,1,221.76
Milliken-50933,1,221.76
Milliken-50934,1,221.76
Milliken-38527,1,221.76
Milliken-38528,1,221.76
Milliken-38529,1,221.76
Milliken-38530,1,221.76
Milliken-38531,1,221.76
Milliken-38532,1,221.76
Milliken-38523,1,221.76
Milliken-38524,1,221.76
Milliken-38525,1,221.76
Milliken-38526,1,221.76
Milliken-38533,1,221.76
Milliken-38534,1,221.76
Milliken-38535,1,221.76
Milliken-38536,1,221.76
Milliken-38537,1,221.76
Milliken-38538,1,221.76
Milliken-38539,1,221.76
Milliken-38540,1,221.76
Milliken-38541,1,221.76
Milliken-38542,1,221.76
Milliken-51242,1,302.41
Milliken-26493,1,221.76
Milliken-26498,1,221.76
Milliken-26500,1,221.76
Milliken-26505,1,221.76
Milliken-26503,1,221.76
Milliken-26504,1,221.76
Milliken-26506,1,221.76
Milliken-26478,1,221.76
Milliken-26487,1,221.76
Milliken-26501,1,221.76
Milliken-27123,1,221.76
Milliken-26479,1,221.76
Milliken-26480,1,221.76
Milliken-26486,1,221.76
Milliken-26483,1,221.76
Milliken-26485,1,221.76
Milliken-26494,1,221.76
Milliken-26491,1,221.76
Milliken-26490,1,221.76
Milliken-26488,1,221.76
Milliken-26481,1,221.76
Milliken-26489,1,221.76
Milliken-26502,1,221.76
Milliken-26482,1,221.76
Milliken-26499,1,221.76
Milliken-26496,1,221.76
Milliken-26495,1,221.76
Milliken-26492,1,221.76
Milliken-26484,1,221.76
Milliken-26497,1,221.76
Milliken-26326,1,221.76
Milliken-26338,1,221.76
Milliken-26337,1,221.76
Milliken-26327,1,221.76
Milliken-26331,1,221.76
Milliken-26336,1,221.76
Milliken-26333,1,221.76
Milliken-26322,1,221.76
Milliken-26323,1,221.76
Milliken-35567,1,221.76
Milliken-26330,1,221.76
Milliken-26463,1,221.76
Milliken-26318,1,221.76
Milliken-26334,1,221.76
Milliken-26339,1,221.76
Milliken-26320,1,221.76
Milliken-26335,1,221.76
Milliken-26325,1,221.76
Milliken-26319,1,221.76
Milliken-26328,1,221.76
Milliken-26317,1,221.76
Milliken-27003,1,221.76
Milliken-25842,1,221.76
Milliken-25839,1,221.76
Milliken-25827,1,221.76
Milliken-25835,1,221.76
Milliken-25843,1,221.76
Milliken-25834,1,221.76
Milliken-25826,1,221.76
Milliken-25847,1,221.76
Milliken-25841,1,221.76
Milliken-25840,1,221.76
Milliken-26930,1,221.76
Milliken-25831,1,221.76
Milliken-25845,1,221.76
Milliken-25825,1,221.76
Milliken-25828,1,221.76
Milliken-25837,1,221.76
Milliken-25838,1,221.76
Milliken-25832,1,221.76
Milliken-25846,1,221.76
Milliken-25844,1,221.76
Milliken-25830,1,221.76
Milliken-25833,1,221.76
Milliken-25836,1,221.76
Milliken-27140,1,221.76
Milliken-26997,1,221.76
Milliken-26993,1,221.76
Milliken-27141,1,221.76
Milliken-27116,1,221.76
Milliken-26996,1,221.76
Milliken-27118,1,221.76
Milliken-27117,1,221.76
Milliken-27115,1,221.76
Milliken-40193,1,221.76
Milliken-27119,1,221.76
Milliken-27120,1,221.76
Milliken-26989,1,221.76
Milliken-27142,1,221.76
Milliken-26992,1,221.76
Milliken-27143,1,221.76
Milliken-27121,1,221.76
Milliken-27092,1,221.76
Milliken-27144,1,221.76
Milliken-26995,1,221.76
Milliken-27145,1,221.76
Milliken-27146,1,221.76
Milliken-26990,1,221.76
Milliken-26994,1,221.76
Milliken-26991,1,221.76
Milliken-19066,1,221.76
Milliken-19086,1,221.76
Milliken-19071,1,221.76
Milliken-19077,1,221.76
Milliken-19089,1,221.76
Milliken-19080,1,221.76
Milliken-19037,1,221.76
Milliken-19040,1,221.76
Milliken-19046,1,221.76
Milliken-19049,1,221.76
Milliken-19052,1,221.76
Milliken-19059,1,221.76
Milliken-19158,1,221.76
Milliken-19100,1,221.76
Milliken-19106,1,221.76
Milliken-19110,1,221.76
Milliken-19112,1,221.76
Milliken-19140,1,221.76
Milliken-19152,1,221.76
Milliken-49051,1,221.76
Milliken-49052,1,221.76
Milliken-49053,1,221.76
Milliken-49054,1,221.76
Milliken-49698,1,221.76
Milliken-49699,1,221.76
Milliken-49700,1,221.76
Milliken-50013,1,221.76
Milliken-49692,1,221.76
Milliken-49693,1,221.76
Milliken-49694,1,221.76
Milliken-49695,1,221.76
Milliken-49696,1,221.76
Milliken-49697,1,221.76
Milliken-49061,1,221.76
Milliken-49062,1,221.76
Milliken-49688,1,221.76
Milliken-49689,1,221.76
Milliken-49690,1,221.76
Milliken-49691,1,221.76
Milliken-49055,1,221.76
Milliken-49056,1,221.76
Milliken-49057,1,221.76
Milliken-49058,1,221.76
Milliken-49059,1,221.76
Milliken-49060,1,221.76
Milliken-49049,1,221.76
Milliken-49050,1,221.76
Milliken-41685,1,221.76
Milliken-41686,1,221.76
Milliken-41680,1,221.76
Milliken-41681,1,221.76
Milliken-41682,1,221.76
Milliken-41683,1,221.76
Milliken-41684,1,221.76
Milliken-41687,1,221.76
Milliken-41688,1,221.76
Milliken-41689,1,221.76
Milliken-41690,1,221.76
Milliken-41691,1,221.76
Milliken-41692,1,221.76
Milliken-41693,1,221.76
Milliken-54275,1,221.76
Milliken-54276,1,221.76
Milliken-54277,1,221.76
Milliken-54278,1,221.76
Milliken-54279,1,221.76
Milliken-54281,1,221.76
Milliken-54282,1,221.76
Milliken-54283,1,221.76
Milliken-54284,1,221.76
Milliken-54291,1,221.76
Milliken-54292,1,221.76
Milliken-54293,1,221.76
Milliken-54294,1,221.76
Milliken-54285,1,221.76
Milliken-54286,1,221.76
Milliken-54287,1,221.76
Milliken-54288,1,221.76
Milliken-54289,1,221.76
Milliken-54290,1,221.76
Milliken-26432,1,221.76
Milliken-27128,1,221.76
Milliken-26412,1,221.76
Milliken-26409,1,221.76
Milliken-26429,1,221.76
Milliken-26427,1,221.76
Milliken-26416,1,221.76
Milliken-26413,1,221.76
Milliken-26422,1,221.76
Milliken-26408,1,221.76
Milliken-26421,1,221.76
Milliken-26436,1,221.76
Milliken-26410,1,221.76
Milliken-26434,1,221.76
Milliken-26423,1,221.76
Milliken-26433,1,221.76
Milliken-26430,1,221.76
Milliken-26426,1,221.76
Milliken-26414,1,221.76
Milliken-26419,1,221.76
Milliken-13535,1,221.76
Milliken-13537,1,221.76
Milliken-13539,1,221.76
Milliken-13542,1,221.76
Milliken-13545,1,221.76
Milliken-26417,1,221.76
Milliken-26435,1,221.76
Milliken-13546,1,221.76
Milliken-26425,1,221.76
Milliken-26428,1,221.76
Milliken-26418,1,221.76
Milliken-26424,1,221.76
Milliken-26415,1,221.76
Milliken-26411,1,221.76
Milliken-26431,1,221.76
Milliken-26420,1,221.76
Milliken-39963,1,221.76
Milliken-39964,1,221.76
Milliken-39965,1,221.76
Milliken-39966,1,221.76
Milliken-39967,1,221.76
Milliken-39968,1,221.76
Milliken-39969,1,221.76
Milliken-39970,1,221.76
Milliken-39971,1,221.76
Milliken-39972,1,221.76
Milliken-39973,1,221.76
Milliken-39974,1,221.76
Milliken-39975,1,221.76
Milliken-39976,1,221.76
Milliken-39977,1,221.76
Milliken-39978,1,221.76
Milliken-39979,1,221.76
Milliken-39980,1,221.76
Milliken-39981,1,221.76
Milliken-39982,1,221.76
Milliken-40161,1,221.76
Milliken-40162,1,221.76
Milliken-40163,1,221.76
Milliken-40164,1,221.76
Milliken-26998,1,221.76
Milliken-26474,1,221.76
Milliken-26476,1,221.76
Milliken-39201,1,221.76
Milliken-25818,1,221.76
Milliken-25713,1,221.76
Milliken-25725,1,221.76
Milliken-25710,1,221.76
Milliken-26999,1,221.76
Milliken-27129,1,221.76
Milliken-25718,1,221.76
Milliken-27001,1,221.76
Milliken-26464,1,221.76
Milliken-25723,1,221.76
Milliken-27154,1,221.76
Milliken-25709,1,221.76
Milliken-26466,1,221.76
Milliken-25722,1,221.76
Milliken-26468,1,221.76
Milliken-25823,1,221.76
Milliken-26470,1,221.76
Milliken-25820,1,221.76
Milliken-25720,1,221.76
Milliken-25711,1,221.76
Milliken-25708,1,221.76
Milliken-26472,1,221.76
Milliken-26980,1,221.76
Milliken-25712,1,221.76
Milliken-25717,1,221.76
Milliken-25728,1,221.76
Milliken-25726,1,221.76
Milliken-25815,1,221.76
Milliken-25819,1,221.76
Milliken-25816,1,221.76
Milliken-25724,1,221.76
Milliken-25817,1,221.76
Milliken-25716,1,221.76
Milliken-25727,1,221.76
Milliken-25714,1,221.76
Milliken-25715,1,221.76
Milliken-26208,1,221.76
Milliken-26220,1,221.76
Milliken-26211,1,221.76
Milliken-26221,1,221.76
Milliken-26244,1,221.76
Milliken-26210,1,221.76
Milliken-26229,1,221.76
Milliken-26217,1,221.76
Milliken-26207,1,221.76
Milliken-26205,1,221.76
Milliken-26206,1,221.76
Milliken-26247,1,221.76
Milliken-26243,1,221.76
Milliken-26241,1,221.76
Milliken-26212,1,221.76
Milliken-26237,1,221.76
Milliken-26236,1,221.76
Milliken-26232,1,221.76
Milliken-26250,1,221.76
Milliken-26228,1,221.76
Milliken-26218,1,221.76
Milliken-26238,1,221.76
Milliken-26231,1,221.76
Milliken-26216,1,221.76
Milliken-26223,1,221.76
Milliken-26252,1,221.76
Milliken-26227,1,221.76
Milliken-26248,1,221.76
Milliken-26246,1,221.76
Milliken-26239,1,221.76
Milliken-26245,1,221.76
Milliken-26288,1,221.76
Milliken-26289,1,221.76
Milliken-26263,1,221.76
Milliken-26286,1,221.76
Milliken-26275,1,221.76
Milliken-26266,1,221.76
Milliken-26261,1,221.76
Milliken-26279,1,221.76
Milliken-26259,1,221.76
Milliken-26283,1,221.76
Milliken-26273,1,221.76
Milliken-26295,1,221.76
Milliken-26274,1,221.76
Milliken-26277,1,221.76
Milliken-26280,1,221.76
Milliken-26264,1,221.76
Milliken-27130,1,221.76
Milliken-26269,1,221.76
Milliken-26253,1,221.76
Milliken-26284,1,221.76
Milliken-26278,1,221.76
Milliken-26294,1,221.76
Milliken-26258,1,221.76
Milliken-26285,1,221.76
Milliken-26268,1,221.76
Milliken-26260,1,221.76
Milliken-26290,1,221.76
Milliken-27131,1,221.76
Milliken-26254,1,221.76
Milliken-26272,1,221.76
Milliken-26267,1,221.76
Milliken-26281,1,221.76
Milliken-26601,1,221.76
Milliken-26602,1,221.76
Milliken-26594,1,221.76
Milliken-26595,1,221.76
Milliken-26596,1,221.76
Milliken-26603,1,221.76
Milliken-26604,1,221.76
Milliken-26592,1,221.76
Milliken-26593,1,221.76
Milliken-26597,1,221.76
Milliken-26598,1,221.76
Milliken-26599,1,221.76
Milliken-26600,1,221.76
Milliken-26581,1,221.76
Milliken-26582,1,221.76
Milliken-26583,1,221.76
Milliken-26584,1,221.76
Milliken-26585,1,221.76
Milliken-26579,1,221.76
Milliken-26586,1,221.76
Milliken-26587,1,221.76
Milliken-26588,1,221.76
Milliken-26589,1,221.76
Milliken-26590,1,221.76
Milliken-26578,1,221.76
Milliken-26580,1,221.76
Milliken-26605,1,221.76
Milliken-26606,1,221.76
Milliken-26607,1,221.76
Milliken-26609,1,221.76
Milliken-26608,1,221.76
Milliken-26591,1,221.76
Milliken-49309,1,221.76
Milliken-49300,1,221.76
Milliken-49301,1,221.76
Milliken-49310,1,221.76
Milliken-49302,1,221.76
Milliken-49303,1,221.76
Milliken-49304,1,221.76
Milliken-49305,1,221.76
Milliken-49324,1,221.76
Milliken-49325,1,221.76
Milliken-49311,1,221.76
Milliken-49326,1,221.76
Milliken-49318,1,221.76
Milliken-49319,1,221.76
Milliken-49320,1,221.76
Milliken-49321,1,221.76
Milliken-49322,1,221.76
Milliken-49323,1,221.76
Milliken-49312,1,221.76
Milliken-49313,1,221.76
Milliken-49314,1,221.76
Milliken-49315,1,221.76
Milliken-49316,1,221.76
Milliken-49317,1,221.76
Milliken-49306,1,221.76
Milliken-49307,1,221.76
Milliken-49308,1,221.76
Milliken-47231,1,221.76
Milliken-47232,1,221.76
Milliken-47233,1,221.76
Milliken-47234,1,221.76
Milliken-47235,1,221.76
Milliken-47236,1,221.76
Milliken-47225,1,221.76
Milliken-47226,1,221.76
Milliken-47227,1,221.76
Milliken-47228,1,221.76
Milliken-47229,1,221.76
Milliken-47230,1,221.76
Milliken-55636,1,221.76
Milliken-55624,1,221.76
Milliken-55619,1,221.76
Milliken-55625,1,221.76
Milliken-55620,1,221.76
Milliken-55621,1,221.76
Milliken-55628,1,221.76
Milliken-55622,1,221.76
Milliken-55629,1,221.76
Milliken-55623,1,221.76
Milliken-55612,1,221.76
Milliken-55630,1,221.76
Milliken-55631,1,221.76
Milliken-55613,1,221.76
Milliken-55614,1,221.76
Milliken-55618,1,221.76
Milliken-55615,1,221.76
Milliken-55616,1,221.76
Milliken-55617,1,221.76
Milliken-55610,1,221.76
Milliken-55611,1,221.76
Milliken-55632,1,221.76
Milliken-55633,1,221.76
Milliken-55634,1,221.76
Milliken-55635,1,221.76
Milliken-49634,1,221.76
Milliken-49635,1,221.76
Milliken-49636,1,221.76
Milliken-49637,1,221.76
Milliken-49638,1,221.76
Milliken-49639,1,221.76
Milliken-49618,1,221.76
Milliken-49619,1,221.76
Milliken-49614,1,221.76
Milliken-49615,1,221.76
Milliken-49616,1,221.76
Milliken-49617,1,221.76
Milliken-49620,1,221.76
Milliken-49621,1,221.76
Milliken-49622,1,221.76
Milliken-49623,1,221.76
Milliken-49624,1,221.76
Milliken-49625,1,221.76
Milliken-49626,1,221.76
Milliken-49628,1,221.76
Milliken-49629,1,221.76
Milliken-49630,1,221.76
Milliken-49631,1,221.76
Milliken-49632,1,221.76
Milliken-49633,1,221.76
Milliken-26744,1,221.76
Milliken-26866,1,221.76
Milliken-26865,1,221.76
Milliken-26869,1,221.76
Milliken-26746,1,221.76
Milliken-26864,1,221.76
Milliken-26739,1,221.76
Milliken-26867,1,221.76
Milliken-26742,1,221.76
Milliken-26745,1,221.76
Milliken-26868,1,221.76
Milliken-26740,1,221.76
Milliken-26870,1,221.76
Milliken-26743,1,221.76
Milliken-26741,1,221.76
Milliken-26719,1,221.76
Milliken-27133,1,221.76
Milliken-26721,1,221.76
Milliken-26718,1,221.76
Milliken-26727,1,221.76
Milliken-26716,1,221.76
Milliken-26737,1,221.76
Milliken-26724,1,221.76
Milliken-26731,1,221.76
Milliken-27096,1,221.76
Milliken-27095,1,221.76
Milliken-26722,1,221.76
Milliken-26736,1,221.76
Milliken-26712,1,221.76
Milliken-26725,1,221.76
Milliken-26735,1,221.76
Milliken-26720,1,221.76
Milliken-26730,1,221.76
Milliken-26714,1,221.76
Milliken-26729,1,221.76
Milliken-26734,1,221.76
Milliken-26713,1,221.76
Milliken-26717,1,221.76
Milliken-26715,1,221.76
Milliken-26733,1,221.76
Milliken-26728,1,221.76
Milliken-26738,1,221.76
Milliken-26723,1,221.76
Milliken-26726,1,221.76
Milliken-26732,1,221.76
Milliken-26764,1,221.76
Milliken-26773,1,221.76
Milliken-26755,1,221.76
Milliken-26748,1,221.76
Milliken-26772,1,221.76
Milliken-26759,1,221.76
Milliken-26754,1,221.76
Milliken-26749,1,221.76
Milliken-26763,1,221.76
Milliken-26774,1,221.76
Milliken-26752,1,221.76
Milliken-26766,1,221.76
Milliken-26757,1,221.76
Milliken-26770,1,221.76
Milliken-26765,1,221.76
Milliken-26769,1,221.76
Milliken-26775,1,221.76
Milliken-26753,1,221.76
Milliken-26767,1,221.76
Milliken-26747,1,221.76
Milliken-26750,1,221.76
Milliken-26761,1,221.76
Milliken-26768,1,221.76
Milliken-26758,1,221.76
Milliken-26771,1,221.76
Milliken-26760,1,221.76
Milliken-26751,1,221.76
Milliken-26756,1,221.76
Milliken-26762,1,221.76
Milliken-27132,1,221.76
Milliken-25311,1,221.76
Milliken-25314,1,221.76
Milliken-25323,1,221.76
Milliken-25324,1,221.76
Milliken-32437,1,221.76
Milliken-25326,1,221.76
Milliken-25318,1,221.76
Milliken-25330,1,221.76
Milliken-25312,1,221.76
Milliken-32394,1,221.76
Milliken-32389,1,221.76
Milliken-32397,1,221.76
Milliken-32391,1,221.76
Milliken-32392,1,221.76
Milliken-32393,1,221.76
Milliken-25332,1,221.76
Milliken-25903,1,221.76
Milliken-25317,1,221.76
Milliken-25328,1,221.76
Milliken-25321,1,221.76
Milliken-25319,1,221.76
Milliken-25310,1,221.76
Milliken-32379,1,221.76
Milliken-25296,1,221.76
Milliken-32388,1,221.76
Milliken-32381,1,221.76
Milliken-32377,1,221.76
Milliken-32371,1,221.76
Milliken-32382,1,221.76
Milliken-32378,1,221.76
Milliken-32372,1,221.76
Milliken-32373,1,221.76
Milliken-32374,1,221.76
Milliken-32383,1,221.76
Milliken-32375,1,221.76
Milliken-32376,1,221.76
Milliken-32384,1,221.76
Milliken-25308,1,221.76
Milliken-32385,1,221.76
Milliken-25302,1,221.76
Milliken-25300,1,221.76
Milliken-25298,1,221.76
Milliken-25299,1,221.76
Milliken-25293,1,221.76
Milliken-25855,1,221.76
Milliken-25307,1,221.76
Milliken-25292,1,221.76
Milliken-25856,1,221.76
Milliken-25304,1,221.76
Milliken-25291,1,221.76
Milliken-25290,1,221.76
Milliken-25305,1,221.76
Milliken-25309,1,221.76
Milliken-25297,1,221.76
Milliken-32386,1,221.76
Milliken-32387,1,221.76
Milliken-25289,1,221.76
Milliken-25271,1,221.76
Milliken-25286,1,221.76
Milliken-25273,1,221.76
Milliken-25279,1,221.76
Milliken-32363,1,221.76
Milliken-25277,1,221.76
Milliken-32364,1,221.76
Milliken-25275,1,221.76
Milliken-32366,1,221.76
Milliken-25276,1,221.76
Milliken-25269,1,221.76
Milliken-32367,1,221.76
Milliken-25284,1,221.76
Milliken-32368,1,221.76
Milliken-25288,1,221.76
Milliken-32369,1,221.76
Milliken-25267,1,221.76
Milliken-32370,1,221.76
Milliken-25266,1,221.76
Milliken-32357,1,221.76
Milliken-25287,1,221.76
Milliken-32358,1,221.76
Milliken-25274,1,221.76
Milliken-32359,1,221.76
Milliken-25268,1,221.76
Milliken-32360,1,221.76
Milliken-25281,1,221.76
Milliken-32361,1,221.76
Milliken-25282,1,221.76
Milliken-32362,1,221.76
Milliken-51445,1,221.76
Milliken-51446,1,221.76
Milliken-51447,1,221.76
Milliken-51448,1,221.76
Milliken-51449,1,221.76
Milliken-51450,1,221.76
Milliken-51451,1,221.76
Milliken-51452,1,221.76
Milliken-51441,1,221.76
Milliken-51442,1,221.76
Milliken-51443,1,221.76
Milliken-51444,1,221.76
Milliken-51453,1,221.76
Milliken-51454,1,221.76
Milliken-51455,1,221.76
Milliken-51456,1,221.76
Milliken-51457,1,221.76
Milliken-51459,1,221.76
Milliken-51458,1,221.76
Milliken-51460,1,221.76
Milliken-51461,1,221.76
Milliken-51463,1,221.76
Milliken-51462,1,221.76
Milliken-51464,1,221.76
Milliken-51465,1,221.76
Milliken-51466,1,221.76
Milliken-51467,1,221.76
Milliken-51468,1,221.76
Milliken-50493,1,221.76
Milliken-50494,1,221.76
Milliken-50495,1,221.76
Milliken-47554,1,221.76
Milliken-47555,1,221.76
Milliken-47556,1,221.76
Milliken-50489,1,221.76
Milliken-50490,1,221.76
Milliken-50491,1,221.76
Milliken-47548,1,221.76
Milliken-47550,1,221.76
Milliken-47551,1,221.76
Milliken-47552,1,221.76
Milliken-47553,1,221.76
Milliken-50492,1,221.76
Milliken-50505,1,221.76
Milliken-47557,1,221.76
Milliken-47558,1,221.76
Milliken-47559,1,221.76
Milliken-47560,1,221.76
Milliken-47561,1,221.76
Milliken-50503,1,221.76
Milliken-50504,1,221.76
Milliken-47562,1,221.76
Milliken-50501,1,221.76
Milliken-50502,1,221.76
Milliken-47564,1,221.76
Milliken-47569,1,221.76
Milliken-47565,1,221.76
Milliken-47570,1,221.76
Milliken-47566,1,221.76
Milliken-50496,1,221.76
Milliken-47567,1,221.76
Milliken-47568,1,221.76
Milliken-50497,1,221.76
Milliken-50500,1,221.76
Milliken-50498,1,221.76
Milliken-50499,1,221.76
Milliken-53639,1,221.76
Milliken-53640,1,221.76
Milliken-53669,1,221.76
Milliken-53670,1,221.76
Milliken-53633,1,221.76
Milliken-53634,1,221.76
Milliken-53635,1,221.76
Milliken-53636,1,221.76
Milliken-53637,1,221.76
Milliken-53638,1,221.76
Milliken-53627,1,221.76
Milliken-53628,1,221.76
Milliken-53615,1,221.76
Milliken-53616,1,221.76
Milliken-53617,1,221.76
Milliken-53629,1,221.76
Milliken-53618,1,221.76
Milliken-53619,1,221.76
Milliken-53620,1,221.76
Milliken-53630,1,221.76
Milliken-53631,1,221.76
Milliken-53632,1,221.76
Milliken-53621,1,221.76
Milliken-53622,1,221.76
Milliken-53623,1,221.76
Milliken-53624,1,221.76
Milliken-53625,1,221.76
Milliken-53626,1,221.76
Milliken-53657,1,221.76
Milliken-53658,1,221.76
Milliken-53659,1,221.76
Milliken-53660,1,221.76
Milliken-53649,1,221.76
Milliken-53650,1,221.76
Milliken-53651,1,221.76
Milliken-53652,1,221.76
Milliken-53653,1,221.76
Milliken-53654,1,221.76
Milliken-53643,1,221.76
Milliken-53644,1,221.76
Milliken-53645,1,221.76
Milliken-53646,1,221.76
Milliken-53647,1,221.76
Milliken-53648,1,221.76
Milliken-53614,1,221.76
Milliken-53642,1,221.76
Milliken-53667,1,221.76
Milliken-53668,1,221.76
Milliken-53661,1,221.76
Milliken-53662,1,221.76
Milliken-53663,1,221.76
Milliken-53664,1,221.76
Milliken-53665,1,221.76
Milliken-53666,1,221.76
Milliken-53655,1,221.76
Milliken-53656,1,221.76
Milliken-53613,1,221.76
Milliken-53641,1,221.76
Milliken-53607,1,221.76
Milliken-53608,1,221.76
Milliken-53609,1,221.76
Milliken-53610,1,221.76
Milliken-53611,1,221.76
Milliken-53612,1,221.76
Milliken-53601,1,221.76
Milliken-53602,1,221.76
Milliken-53603,1,221.76
Milliken-53604,1,221.76
Milliken-53605,1,221.76
Milliken-53606,1,221.76
Milliken-53595,1,221.76
Milliken-53596,1,221.76
Milliken-53597,1,221.76
Milliken-53598,1,221.76
Milliken-53599,1,221.76
Milliken-53600,1,221.76
Milliken-53589,1,221.76
Milliken-53590,1,221.76
Milliken-53591,1,221.76
Milliken-53592,1,221.76
Milliken-53593,1,221.76
Milliken-53594,1,221.76
Milliken-53587,1,221.76
Milliken-53588,1,221.76
Milliken-43545,1,221.76
Milliken-43546,1,221.76
Milliken-43547,1,221.76
Milliken-43548,1,221.76
Milliken-43554,1,221.76
Milliken-43555,1,221.76
Milliken-43556,1,221.76
Milliken-44706,1,221.76
Milliken-43557,1,221.76
Milliken-43558,1,221.76
Milliken-43559,1,221.76
Milliken-43560,1,221.76
Milliken-43561,1,221.76
Milliken-43562,1,221.76
Milliken-43568,1,221.76
Milliken-43569,1,221.76
Milliken-44709,1,221.76
Milliken-43573,1,221.76
Milliken-45417,1,221.76
Milliken-43575,1,221.76
Milliken-43576,1,221.76
Milliken-43577,1,221.76
Milliken-43574,1,221.76
Milliken-43578,1,221.76
Milliken-43579,1,221.76
Milliken-43580,1,221.76
Milliken-43581,1,221.76
Milliken-27496,1,302.41
Milliken-27498,1,302.41
Milliken-52226,1,221.76
Milliken-52227,1,221.76
Milliken-52216,1,221.76
Milliken-52217,1,221.76
Milliken-52210,1,221.76
Milliken-52218,1,221.76
Milliken-52211,1,221.76
Milliken-52228,1,221.76
Milliken-52219,1,221.76
Milliken-52212,1,221.76
Milliken-52229,1,221.76
Milliken-52220,1,221.76
Milliken-52213,1,221.76
Milliken-52221,1,221.76
Milliken-52230,1,221.76
Milliken-52214,1,221.76
Milliken-52231,1,221.76
Milliken-52215,1,221.76
Milliken-52232,1,221.76
Milliken-52233,1,221.76
Milliken-52222,1,221.76
Milliken-52223,1,221.76
Milliken-52224,1,221.76
Milliken-52225,1,221.76
Milliken-52277,1,221.76
Milliken-52278,1,221.76
Milliken-52279,1,221.76
Milliken-52280,1,221.76
Milliken-52281,1,221.76
Milliken-52282,1,221.76
Milliken-52295,1,221.76
Milliken-52296,1,221.76
Milliken-52297,1,221.76
Milliken-52298,1,221.76
Milliken-52299,1,221.76
Milliken-52300,1,221.76
Milliken-52289,1,221.76
Milliken-52290,1,221.76
Milliken-52291,1,221.76
Milliken-52292,1,221.76
Milliken-52293,1,221.76
Milliken-52294,1,221.76
Milliken-52283,1,221.76
Milliken-52284,1,221.76
Milliken-52285,1,221.76
Milliken-52286,1,221.76
Milliken-52287,1,221.76
Milliken-52288,1,221.76
Milliken-54469,1,221.76
Milliken-54470,1,221.76
Milliken-54468,1,221.76
Milliken-54471,1,221.76
Milliken-54474,1,221.76
Milliken-54472,1,221.76
Milliken-54473,1,221.76
Milliken-54477,1,221.76
Milliken-54478,1,221.76
Milliken-54476,1,221.76
Milliken-54479,1,221.76
Milliken-54482,1,221.76
Milliken-54480,1,221.76
Milliken-54481,1,221.76
Milliken-54485,1,221.76
Milliken-54483,1,221.76
Milliken-54486,1,221.76
Milliken-54489,1,221.76
Milliken-54487,1,221.76
Milliken-54488,1,221.76
Milliken-54484,1,221.76
Milliken-54375,1,221.76
Milliken-54376,1,221.76
Milliken-54377,1,221.76
Milliken-54378,1,221.76
Milliken-54379,1,221.76
Milliken-54380,1,221.76
Milliken-54441,1,221.76
Milliken-54442,1,221.76
Milliken-54443,1,221.76
Milliken-54444,1,221.76
Milliken-54445,1,221.76
Milliken-54446,1,221.76
Milliken-54435,1,221.76
Milliken-54436,1,221.76
Milliken-54437,1,221.76
Milliken-54438,1,221.76
Milliken-54439,1,221.76
Milliken-54440,1,221.76
Milliken-54429,1,221.76
Milliken-54430,1,221.76
Milliken-54431,1,221.76
Milliken-54432,1,221.76
Milliken-54433,1,221.76
Milliken-54434,1,221.76
Milliken-54423,1,221.76
Milliken-54424,1,221.76
Milliken-54425,1,221.76
Milliken-54426,1,221.76
Milliken-54427,1,221.76
Milliken-54428,1,221.76
Milliken-54417,1,221.76
Milliken-54418,1,221.76
Milliken-54419,1,221.76
Milliken-54420,1,221.76
Milliken-54421,1,221.76
Milliken-54422,1,221.76
Milliken-54411,1,221.76
Milliken-54412,1,221.76
Milliken-54413,1,221.76
Milliken-54414,1,221.76
Milliken-54415,1,221.76
Milliken-54416,1,221.76
Milliken-54405,1,221.76
Milliken-54406,1,221.76
Milliken-54407,1,221.76
Milliken-54408,1,221.76
Milliken-54409,1,221.76
Milliken-54410,1,221.76
Milliken-54399,1,221.76
Milliken-54400,1,221.76
Milliken-54401,1,221.76
Milliken-54402,1,221.76
Milliken-54403,1,221.76
Milliken-54404,1,221.76
Milliken-54393,1,221.76
Milliken-54394,1,221.76
Milliken-54395,1,221.76
Milliken-54396,1,221.76
Milliken-54397,1,221.76
Milliken-54398,1,221.76
Milliken-54387,1,221.76
Milliken-54388,1,221.76
Milliken-54389,1,221.76
Milliken-54390,1,221.76
Milliken-54391,1,221.76
Milliken-54392,1,221.76
Milliken-54381,1,221.76
Milliken-54382,1,221.76
Milliken-54383,1,221.76
Milliken-54384,1,221.76
Milliken-54385,1,221.76
Milliken-54386,1,221.76
Milliken-54491,1,221.76
Milliken-54492,1,221.76
Milliken-54490,1,221.76
Milliken-54493,1,221.76
Milliken-54496,1,221.76
Milliken-54494,1,221.76
Milliken-54495,1,221.76
Milliken-54463,1,221.76
Milliken-54462,1,221.76
Milliken-54464,1,221.76
Milliken-54467,1,221.76
Milliken-54465,1,221.76
Milliken-54466,1,221.76
Milliken-54475,1,221.76
Milliken-19176,1,221.76
Milliken-19178,1,221.76
Milliken-19189,1,221.76
Milliken-19182,1,221.76
Milliken-19200,1,221.76
Milliken-19192,1,221.76
Milliken-19186,1,221.76
Milliken-19203,1,221.76
Milliken-19235,1,221.76
Milliken-19206,1,221.76
Milliken-19239,1,221.76
Milliken-19210,1,221.76
Milliken-19242,1,221.76
Milliken-19247,1,221.76
Milliken-19250,1,221.76
Milliken-19253,1,221.76
Milliken-19212,1,221.76
Milliken-19221,1,221.76
Milliken-19224,1,221.76
Milliken-19227,1,221.76
Milliken-19229,1,221.76
Milliken-19232,1,221.76
Milliken-19195,1,221.76
Milliken-19198,1,221.76
Milliken-19257,1,221.76
Milliken-19270,1,221.76
Milliken-19261,1,221.76
Milliken-19273,1,221.76
Milliken-19264,1,221.76
Milliken-19334,1,221.76
Milliken-19267,1,221.76
Milliken-19287,1,221.76
Milliken-19289,1,221.76
Milliken-19316,1,221.76
Milliken-19319,1,221.76
Milliken-19323,1,221.76
Milliken-19326,1,221.76
Milliken-19328,1,221.76
Milliken-19332,1,221.76
Milliken-19297,1,221.76
Milliken-19300,1,221.76
Milliken-19304,1,221.76
Milliken-19307,1,221.76
Milliken-19311,1,221.76
Milliken-19313,1,221.76
Milliken-19277,1,221.76
Milliken-19280,1,221.76
Milliken-19284,1,221.76
Milliken-42098,1,221.76
Milliken-42099,1,221.76
Milliken-42100,1,221.76
Milliken-42101,1,221.76
Milliken-42102,1,221.76
Milliken-42103,1,221.76
Milliken-42104,1,221.76
Milliken-42105,1,221.76
Milliken-42106,1,221.76
Milliken-42107,1,221.76
Milliken-42108,1,221.76
Milliken-42109,1,221.76
Milliken-49250,1,221.76
Milliken-49251,1,221.76
Milliken-49242,1,221.76
Milliken-49244,1,221.76
Milliken-49243,1,221.76
Milliken-49245,1,221.76
Milliken-49232,1,221.76
Milliken-49233,1,221.76
Milliken-49234,1,221.76
Milliken-49235,1,221.76
Milliken-49236,1,221.76
Milliken-49237,1,221.76
Milliken-49246,1,221.76
Milliken-49247,1,221.76
Milliken-49248,1,221.76
Milliken-49249,1,221.76
Milliken-49238,1,221.76
Milliken-49239,1,221.76
Milliken-49240,1,221.76
Milliken-49241,1,221.76
Milliken-47628,1,221.76
Milliken-47629,1,221.76
Milliken-47630,1,221.76
Milliken-47631,1,221.76
Milliken-47632,1,221.76
Milliken-47633,1,221.76
Milliken-47634,1,221.76
Milliken-47635,1,221.76
Milliken-51349,1,221.76
Milliken-51350,1,221.76
Milliken-51351,1,221.76
Milliken-51352,1,221.76
Milliken-51353,1,221.76
Milliken-51354,1,221.76
Milliken-56357,1,221.76
Milliken-56358,1,221.76
Milliken-56359,1,221.76
Milliken-56360,1,221.76
Milliken-56361,1,221.76
Milliken-56352,1,221.76
Milliken-56353,1,221.76
Milliken-56354,1,221.76
Milliken-56355,1,221.76
Milliken-56356,1,221.76
Milliken-51357,1,221.76
Milliken-51358,1,221.76
Milliken-51359,1,221.76
Milliken-51360,1,221.76
Milliken-56345,1,221.76
Milliken-56346,1,221.76
Milliken-51369,1,221.76
Milliken-51370,1,221.76
Milliken-51371,1,221.76
Milliken-51372,1,221.76
Milliken-51361,1,221.76
Milliken-51362,1,221.76
Milliken-51363,1,221.76
Milliken-51364,1,221.76
Milliken-51365,1,221.76
Milliken-51366,1,221.76
Milliken-56347,1,221.76
Milliken-56348,1,221.76
Milliken-56349,1,221.76
Milliken-56350,1,221.76
Milliken-56351,1,221.76
Milliken-56342,1,221.76
Milliken-56343,1,221.76
Milliken-56344,1,221.76
Milliken-56155,1,221.76
Milliken-56156,1,221.76
Milliken-56157,1,221.76
Milliken-56158,1,221.76
Milliken-56160,1,221.76
Milliken-56161,1,221.76
Milliken-56162,1,221.76
Milliken-56159,1,221.76
Milliken-56163,1,221.76
Milliken-56164,1,221.76
Milliken-56165,1,221.76
Milliken-56166,1,221.76
Milliken-56167,1,221.76
Milliken-56168,1,221.76
Milliken-56169,1,221.76
Milliken-56170,1,221.76
Milliken-56171,1,221.76
Milliken-56172,1,221.76
Milliken-56173,1,221.76
Milliken-56174,1,221.76
Milliken-56175,1,221.76
Milliken-56176,1,221.76
Milliken-56177,1,221.76
Milliken-56178,1,221.76
Milliken-52258,1,221.76
Milliken-52259,1,221.76
Milliken-52238,1,221.76
Milliken-52239,1,221.76
Milliken-52240,1,221.76
Milliken-52241,1,221.76
Milliken-27833,1,221.76
Milliken-52242,1,221.76
Milliken-50476,1,221.76
Milliken-27837,1,221.76
Milliken-52234,1,221.76
Milliken-52235,1,221.76
Milliken-52261,1,221.76
Milliken-52236,1,221.76
Milliken-38625,1,221.76
Milliken-52262,1,221.76
Milliken-38775,1,221.76
Milliken-27839,1,221.76
Milliken-38776,1,221.76
Milliken-52263,1,221.76
Milliken-38777,1,221.76
Milliken-27841,1,221.76
Milliken-38778,1,221.76
Milliken-52264,1,221.76
Milliken-38779,1,221.76
Milliken-27844,1,221.76
Milliken-27832,1,221.76
Milliken-52255,1,221.76
Milliken-27831,1,221.76
Milliken-52256,1,221.76
Milliken-52257,1,221.76
Milliken-52260,1,221.76
Milliken-52249,1,221.76
Milliken-52250,1,221.76
Milliken-52251,1,221.76
Milliken-52252,1,221.76
Milliken-52253,1,221.76
Milliken-52254,1,221.76
Milliken-52243,1,221.76
Milliken-52244,1,221.76
Milliken-52245,1,221.76
Milliken-52246,1,221.76
Milliken-52247,1,221.76
Milliken-52248,1,221.76
Milliken-52237,1,221.76
Milliken-52272,1,221.76
Milliken-52271,1,221.76
Milliken-52273,1,221.76
Milliken-52274,1,221.76
Milliken-52275,1,221.76
Milliken-52276,1,221.76
Milliken-52265,1,221.76
Milliken-52266,1,221.76
Milliken-52267,1,221.76
Milliken-52268,1,221.76
Milliken-52269,1,221.76
Milliken-52270,1,221.76
Milliken-42639,1,221.76
Milliken-42640,1,221.76
Milliken-42641,1,221.76
Milliken-42642,1,221.76
Milliken-42643,1,221.76
Milliken-42644,1,221.76
Milliken-42645,1,221.76
Milliken-42646,1,221.76
Milliken-42647,1,221.76
Milliken-42648,1,221.76
Milliken-42649,1,221.76
Milliken-42650,1,221.76
Milliken-42651,1,221.76
Milliken-42652,1,221.76
Milliken-42653,1,221.76
Milliken-42654,1,221.76
Milliken-42655,1,221.76
Milliken-47626,1,221.76
Milliken-47627,1,221.76
Milliken-26316,1,221.76
Milliken-26340,1,221.76
Milliken-26341,1,221.76
Milliken-26342,1,221.76
Milliken-26343,1,221.76
Milliken-26344,1,221.76
Milliken-26376,1,221.76
Milliken-26380,1,221.76
Milliken-26381,1,221.76
Milliken-26382,1,221.76
Milliken-26531,1,221.76
Milliken-26532,1,221.76
Milliken-26352,1,221.76
Milliken-26353,1,221.76
Milliken-26354,1,221.76
Milliken-26355,1,221.76
Milliken-26356,1,221.76
Milliken-26375,1,221.76
Milliken-26345,1,221.76
Milliken-26346,1,221.76
Milliken-26347,1,221.76
Milliken-26348,1,221.76
Milliken-26349,1,221.76
Milliken-26350,1,221.76
Milliken-47527,1,221.76
Milliken-47528,1,221.76
Milliken-47529,1,221.76
Milliken-47530,1,221.76
Milliken-47531,1,221.76
Milliken-47521,1,221.76
Milliken-47522,1,221.76
Milliken-47523,1,221.76
Milliken-47524,1,221.76
Milliken-47525,1,221.76
Milliken-47526,1,221.76
Milliken-47515,1,221.76
Milliken-47516,1,221.76
Milliken-47517,1,221.76
Milliken-47518,1,221.76
Milliken-47519,1,221.76
Milliken-47520,1,221.76
Milliken-47512,1,221.76
Milliken-47513,1,221.76
Milliken-47514,1,221.76
Milliken-47547,1,221.76
Milliken-47541,1,221.76
Milliken-47542,1,221.76
Milliken-47543,1,221.76
Milliken-47544,1,221.76
Milliken-47545,1,221.76
Milliken-47546,1,221.76
Milliken-47535,1,221.76
Milliken-47536,1,221.76
Milliken-47537,1,221.76
Milliken-47538,1,221.76
Milliken-47539,1,221.76
Milliken-47540,1,221.76
Milliken-47532,1,221.76
Milliken-47533,1,221.76
Milliken-47534,1,221.76
